{
  "merchant_category": {
    "electronics": 0.02235473582027458,
    "fashion": 0.022764182113456908,
    "gaming": 0.0216793893129771,
    "grocery": 0.019982238010657193,
    "travel": 0.023561445917034813
  },
  "country": {
    "DE": 0.017105263157894738,
    "ES": 0.023221059891941603,
    "FR": 0.02078078736703586,
    "GB": 0.020360262008733625,
    "IT": 0.021466697609654212,
    "NL": 0.018109098989001222,
    "PL": 0.023408395885460107,
    "RO": 0.024472525587512152,
    "TR": 0.02915885789879837,
    "US": 0.022481692016182723
  },
  "bin_country": {
    "DE": 0.01845943482224248,
    "ES": 0.022677689746239522,
    "FR": 0.021165761912595272,
    "GB": 0.021671658045194664,
    "IT": 0.02180721494026215,
    "NL": 0.020343680709534368,
    "PL": 0.02287145242070117,
    "RO": 0.023736338797814206,
    "TR": 0.02690110377724777,
    "US": 0.021086822025159827
  }
}